case,simYr,var,value
BCI obs.,1,RECRUITMENT,82.14349733753711
BCI obs.,2,RECRUITMENT,70.19013832648015
BCI obs.,3,RECRUITMENT,43.83589625126261
BCI obs.,4,RECRUITMENT,43.216570269106874
BCI obs.,5,RECRUITMENT,55.35615187160745
BCI obs.,6,RECRUITMENT,67.30343297354695
BCI obs.,7,RECRUITMENT,70.80468855376814
