case,simYr,var,value
BCI obs.,1,RECRUITMENT,112.77356480104733
BCI obs.,2,RECRUITMENT,97.81876726464282
BCI obs.,3,RECRUITMENT,60.36127100649836
BCI obs.,4,RECRUITMENT,58.513137047062244
BCI obs.,5,RECRUITMENT,71.79189539595059
BCI obs.,6,RECRUITMENT,84.52412927280898
BCI obs.,7,RECRUITMENT,89.07475542344723
