case,simYr,var,value
BCI obs.,2014,R/L,0.4635956079785194
BCI obs.,2015,R/L,0.36540718671000366
BCI obs.,2016,R/L,0.5011358549686661
BCI obs.,2017,R/L,0.5865121580547112
BCI obs.,2018,R/L,0.32554737636844094
