case,simYr,var,value
BCI obs.,2014,RoL,0.45813417675035684
BCI obs.,2015,RoL,0.361111730722045
BCI obs.,2016,RoL,0.4952336190212883
BCI obs.,2017,RoL,0.579619269327526
BCI obs.,2018,RoL,0.32176108108738366
