case,simYr,var,value
BCI obs.,2014,RoL,0.4635956079785194
BCI obs.,2015,RoL,0.36540718671000366
BCI obs.,2016,RoL,0.5011358549686661
BCI obs.,2017,RoL,0.5865121580547112
BCI obs.,2018,RoL,0.32554737636844094
BCI obs.,2014,Rgm2yr,241.71875
BCI obs.,2015,Rgm2yr,202.3625
BCI obs.,2016,Rgm2yr,279.88437500000003
BCI obs.,2017,Rgm2yr,289.44375
BCI obs.,2018,Rgm2yr,172.475
